{
	"format_version": "1.8.0",
	"animations": {
		"swim": {
			"loop": true,
			"animation_length": 1.5,
			"bones": {
				"head": {
					"rotation": {
						"0.0": {
							"vector": [0, -10, 0]
						},
						"0.375": {
							"vector": [0, 5, 0]
						},
						"0.7083": {
							"vector": [0, 10, 0]
						},
						"1.125": {
							"vector": [0, 0, 0]
						},
						"1.5": {
							"vector": [0, -10, 0]
						}
					}
				},
				"left_gills": {
					"rotation": {
						"vector": [0, 32.5, 0]
					}
				},
				"top_gills": {
					"rotation": {
						"vector": [-25, 0, 0]
					}
				},
				"right_gills": {
					"rotation": {
						"vector": [0, -32.5, 0]
					}
				},
				"body": {
					"rotation": {
						"0.0": {
							"vector": [0, -5, 0]
						},
						"0.375": {
							"vector": [0, 5, 0]
						},
						"0.7083": {
							"vector": [0, 10, 0]
						},
						"1.125": {
							"vector": [0, 0, 0]
						},
						"1.5": {
							"vector": [0, -5, 0]
						}
					}
				},
				"leg1": {
					"rotation": {
						"0.0": {
							"vector": [98.67258, 35.31018, -97.09519]
						},
						"0.8333": {
							"vector": [100.72879, 27.91593, -99.50457]
						},
						"1.5": {
							"vector": [98.67258, 35.31018, -97.09519]
						}
					}
				},
				"tail": {
					"rotation": {
						"0.0": {
							"vector": [0, -17.5, 0]
						},
						"0.375": {
							"vector": [0, -17.5, 0]
						},
						"0.7083": {
							"vector": [0, 10, 0]
						},
						"1.125": {
							"vector": [0, 7.5, 0]
						},
						"1.5": {
							"vector": [0, -17.5, 0]
						}
					}
				},
				"leg2": {
					"rotation": {
						"0.0": {
							"vector": [99.92498, -30.37551, 98.58445]
						},
						"0.75": {
							"vector": [97.37871, -42.7374, 95.43327]
						},
						"1.5": {
							"vector": [99.92498, -30.37551, 98.58445]
						}
					}
				},
				"leg3": {
					"rotation": {
						"0.0": {
							"vector": [116.7402, -11.16895, 116.30248]
						},
						"0.75": {
							"vector": [98.67258, -35.31018, 97.09519]
						},
						"1.5": {
							"vector": [116.7402, -11.16895, 116.30248]
						}
					}
				},
				"leg4": {
					"rotation": {
						"0.0": {
							"vector": [100.72879, 27.91593, -99.50457]
						},
						"0.8333": {
							"vector": [135.10921, 7.06657, -134.89077]
						},
						"1.5": {
							"vector": [100.72879, 27.91593, -99.50457]
						}
					}
				}
			}
		}
	},
	"geckolib_format_version": 2
}