{
	"format_version": "1.8.0",
	"animations": {
		"fly": {
			"loop": true,
			"animation_length": 0.7917,
			"bones": {
				"body": {
					"rotation": {
						"0.0": {
							"vector": [52.5, 0, 0]
						},
						"0.1667": {
							"vector": [50, 0, 0]
						},
						"0.4167": {
							"vector": [51.46, 0, 0]
						},
						"0.625": {
							"vector": [54.55, 0, 0]
						},
						"0.7917": {
							"vector": [52.5, 0, 0]
						}
					}
				},
				"neck": {
					"rotation": {
						"0.0": {
							"vector": [7.5, 0, 0]
						},
						"0.2083": {
							"vector": [2.5, 0, 0]
						},
						"0.375": {
							"vector": [6.59, 0, 0]
						},
						"0.625": {
							"vector": [11.95, 0, 0]
						},
						"0.7917": {
							"vector": [7.5, 0, 0]
						}
					},
					"position": {
						"0.0": {
							"vector": [0, 0.2, -0.1]
						},
						"0.7917": {
							"vector": [0, 0.2, -0.1]
						}
					}
				},
				"head": {
					"rotation": {
						"0.0": {
							"vector": [-52.5, 0, 0]
						},
						"0.2083": {
							"vector": [-47.5, 0, 0]
						},
						"0.375": {
							"vector": [-58.1, 0, 0]
						},
						"0.625": {
							"vector": [-63.02, 0, 0]
						},
						"0.7917": {
							"vector": [-52.5, 0, 0]
						}
					}
				},
				"right": {
					"rotation": {
						"0.0": {
							"vector": [17.5, 0, 0]
						},
						"0.1667": {
							"vector": [20, 0, 0]
						},
						"0.4167": {
							"vector": [29.58, 0, 0]
						},
						"0.625": {
							"vector": [12.5, 0, 0]
						},
						"0.7917": {
							"vector": [17.5, 0, 0]
						}
					}
				},
				"rfoot": {
					"rotation": {
						"0.0": {
							"vector": [45.99297, -10.54529, -10.72858]
						},
						"0.7917": {
							"vector": [45.99297, -10.54529, -10.72858]
						}
					}
				},
				"wings": {
					"position": {
						"0.0": {
							"vector": [0, 0, 0.7]
						},
						"0.7917": {
							"vector": [0, 0, 0.7]
						}
					}
				},
				"right2": {
					"rotation": {
						"0.0": {
							"vector": [-37.15901, 54.85951, 92.48657]
						},
						"0.1667": {
							"vector": [-62.5234, 22.68529, 59.41769]
						},
						"0.3333": {
							"vector": [-65.55597, 40.38943, 47.72897]
						},
						"0.4583": {
							"vector": [-55.58667, 51.03641, 62.8018]
						},
						"0.625": {
							"vector": [26.59044, 67.57955, 154.95331]
						},
						"0.7917": {
							"vector": [-37.15901, 54.85951, 92.48657]
						}
					},
					"position": {
						"0.0": {
							"vector": [1, -0.5, 0.5]
						},
						"0.7917": {
							"vector": [1, -0.5, 0.5]
						}
					}
				},
				"rend": {
					"rotation": {
						"0.0": {
							"vector": [-3.77935, -6.9248, 5.51654]
						},
						"0.1667": {
							"vector": [-4.92617, -6.16387, 15.55319]
						},
						"0.4583": {
							"vector": [-7.67579, 32.12926, -27.09198]
						},
						"0.625": {
							"vector": [-6.30501, 27.52073, -12.45673]
						},
						"0.7917": {
							"vector": [-3.77935, -6.9248, 5.51654]
						}
					}
				},
				"tail": {
					"rotation": {
						"0.0": {
							"vector": [-25, 0, 0]
						},
						"0.7917": {
							"vector": [-25, 0, 0]
						}
					}
				},
				"left2": {
					"rotation": {
						"0.0": {
							"vector": [-37.15901, -54.85951, -92.48657]
						},
						"0.1667": {
							"vector": [-62.5234, -22.68529, -59.41769]
						},
						"0.3333": {
							"vector": [-65.55597, -40.38943, -47.72897]
						},
						"0.4583": {
							"vector": [-55.58667, -51.03641, -62.8018]
						},
						"0.625": {
							"vector": [26.59044, -67.57955, -154.95331]
						},
						"0.7917": {
							"vector": [-37.15901, -54.85951, -92.48657]
						}
					},
					"position": {
						"0.0": {
							"vector": [-1, -0.5, 0.5]
						},
						"0.7917": {
							"vector": [-1, -0.5, 0.5]
						}
					}
				},
				"lend": {
					"rotation": {
						"0.0": {
							"vector": [-3.77935, 6.9248, -5.51654]
						},
						"0.1667": {
							"vector": [-4.92617, 6.16387, -15.55319]
						},
						"0.4167": {
							"vector": [-7.67579, -32.12926, 27.09198]
						},
						"0.625": {
							"vector": [-6.30501, -27.52073, 12.45673]
						},
						"0.7917": {
							"vector": [-3.77935, 6.9248, -5.51654]
						}
					}
				},
				"left": {
					"rotation": {
						"0.0": {
							"vector": [15, 0, 0]
						},
						"0.1667": {
							"vector": [15, 0, 0]
						},
						"0.4167": {
							"vector": [28.13, 0, 0]
						},
						"0.625": {
							"vector": [7.5, 0, 0]
						},
						"0.7917": {
							"vector": [15, 0, 0]
						}
					}
				},
				"lfoot": {
					"rotation": {
						"0.0": {
							"vector": [52.5, 7.5, 0]
						},
						"0.7917": {
							"vector": [52.5, 7.5, 0]
						}
					}
				}
			}
		},
		"idle": {
			"loop": true,
			"animation_length": 2,
			"bones": {
				"body": {
					"rotation": {
						"0.0": {
							"vector": [0, 0, 0]
						},
						"2.0": {
							"vector": [0, 0, 0]
						}
					},
					"position": {
						"0.0": {
							"vector": [0, 0.1, 0]
						},
						"1.0": {
							"vector": [0, 0.58, 0]
						},
						"2.0": {
							"vector": [0, 0.1, 0]
						}
					}
				},
				"neck": {
					"rotation": {
						"0.0": {
							"vector": [-5, 0, 0]
						},
						"1.125": {
							"vector": [-9.5, 0, 0]
						},
						"2.0": {
							"vector": [-5, 0, 0]
						}
					}
				},
				"head": {
					"rotation": {
						"0.0": {
							"vector": [2.5, 0, 0]
						},
						"1.125": {
							"vector": [7.5, 0, 0]
						},
						"2.0": {
							"vector": [2.5, 0, 0]
						}
					}
				},
				"right": {
					"rotation": {
						"0.0": {
							"vector": [0, 0, 0]
						},
						"2.0": {
							"vector": [0, 0, 0]
						}
					},
					"position": {
						"0.0": {
							"vector": [0, 0, 0]
						},
						"1.0": {
							"vector": [0, -0.5, 0]
						},
						"2.0": {
							"vector": [0, 0, 0]
						}
					}
				},
				"left": {
					"rotation": {
						"0.0": {
							"vector": [0, 0, 0]
						},
						"2.0": {
							"vector": [0, 0, 0]
						}
					},
					"position": {
						"0.0": {
							"vector": [0, 0, 0]
						},
						"1.0": {
							"vector": [0, -0.5, 0]
						},
						"2.0": {
							"vector": [0, 0, 0]
						}
					}
				},
				"right2": {
					"rotation": {
						"0.0": {
							"vector": [7.5, 0, 0]
						},
						"1.25": {
							"vector": [2.5, 0, 0]
						},
						"2.0": {
							"vector": [7.5, 0, 0]
						}
					}
				},
				"rend": {
					"rotation": {
						"0.0": {
							"vector": [35, 0, 0]
						},
						"2.0": {
							"vector": [35, 0, 0]
						}
					},
					"position": {
						"0.0": {
							"vector": [0, 0.5, -1]
						},
						"2.0": {
							"vector": [0, 0.5, -1]
						}
					}
				},
				"left2": {
					"rotation": {
						"0.0": {
							"vector": [7.5, 0, 0]
						},
						"1.25": {
							"vector": [2.5, 0, 0]
						},
						"2.0": {
							"vector": [7.5, 0, 0]
						}
					}
				},
				"lend": {
					"rotation": {
						"0.0": {
							"vector": [35, 0, 0]
						},
						"2.0": {
							"vector": [35, 0, 0]
						}
					},
					"position": {
						"0.0": {
							"vector": [0, 0.5, -0.9]
						},
						"2.0": {
							"vector": [0, 0.5, -0.9]
						}
					}
				},
				"tail": {
					"rotation": {
						"0.0": {
							"vector": [0, 0, 0]
						},
						"1.0": {
							"vector": [-2.5, 0, 0]
						},
						"2.0": {
							"vector": [0, 0, 0]
						}
					}
				}
			}
		},
		"sit": {
			"loop": true,
			"animation_length": 2,
			"bones": {
				"body": {
					"rotation": {
						"0.0": {
							"vector": [15, 0, 0]
						},
						"1.0": {
							"vector": [15, 0, 0]
						},
						"2.0": {
							"vector": [15, 0, 0]
						}
					},
					"position": {
						"0.0": {
							"vector": [0, -0.63, 0]
						},
						"1.0": {
							"vector": [0, -0.13, 0]
						},
						"2.0": {
							"vector": [0, -0.63, 0]
						}
					}
				},
				"neck": {
					"rotation": {
						"0.0": {
							"vector": [-23.9, 0, 0]
						},
						"1.2083": {
							"vector": [-28.9, 0, 0]
						},